Row Labels,Sum of price
100S JEWELRY,488.28
2(X)IST,77
2ndLink,96.17
2XU,77.05
32 Degrees,145.87
"33,000ft",457.26
555Jewelry,69
5Mayi,71.99
7 For All Mankind,579.2
Ababalaya,110.08
ABYS,96
ABYstyle,109
AC&L,86.8
ACCUTIME,588.14
ACESAK,152
Achiou,19.49
ACICS,78
ACICSCK,77.27
Acnos,112.41
ACUYE,277.94
Adando,28.62
ADDIESDIVE,726
ADFOLF,20.98
adidas,58278.66
adidas Originals,759.75
Admetus,144.28
Adorila,19.7
Adulove,322.86
Aegend,18.59
Aelflane,33.48
Aerosoles,196.35
Aganmi,59
AGATHA PARIS,45.16
Aggert,60.98
ÖGON -DESIGNS-,1326
AGUTIUN,14.87
ah arctic hunter,3998.93
Aheli,242.3
AHOVIT,27.06
AIKO,52.91
AIMES,349.84
AioTio,127.46
Airacker,165.08
AIRHAS,702.79
Airrty,102.96
Airwheel,2999
Aisonbo,28
AIYIRUO,125.66
AKAWOOKO,159.55
AKIELO,315.62
Akilex,86.39
Aklsvion,279.99
Aktudy,35
Aktully,25
AL FASCINO,217.79
Al Mandoos,450
Al waha Al zhabia,129.98
ALANX,53.1
aldebran,162.2
ALDO,26977.88
ALEXCRAFT,115.46
Alexis Leroy,129.99
ALEXTINA,132.59
ALFAJR,630
Alimens & Gentle,237.48
ALIPASINM,349.53
Alivila.Y Fashion,26
All Things Accessory,32.89
Alldaily,84
Alldriey,35.99
Allegra K,162.58
Allen Edmonds,768.03
Allett,305.49
ALMEKAQUZ,34.23
Alnorm,84.1
ALPAKA,419.05
ALPIDEX,37
ALPINE INTERNATIONAL,174.56
Alpine Swiss,305.5
ALTRA,787.31
AMANNA,40
Amazfit,505
Amazon Basics,5508.13
Amazon Brand - Arthur Harvey,622.21
Amazon Brand - House & Shields,442.41
Amazon Brand - INKAST,307.06
Amazon Brand - Myx,662.06
Amazon Brand - Symactive,1087.3
Amazon Brand - Symbol,1816.33
Amazon Brand - Tavasya,171.98
Ambar,48.06
Amberta,89
American Eagle,800.75
AMERICAN HEAVEN,178.32
American Tourister,5695.55
AMERTEER,269.95
AMICA,790
Amszke,40
Amussiar,63
AmyRT,75.33
ANALEAF,812
anan520,19.2
Anaqa,90
ANCHOR,35
Anddyam,74.9
Angel Kiss,1821.02
Angelhood,119.12
Angju,268.79
ANHAISHUILV,19.6
Anna by Anuschka,2789.51
Anne Klein,4861.21
ANNEFIT,122.42
ANTARCTICA,255.99
ANTHONY JACKSON,69.9
ANTLER,999
Anycosy,30
ANYOO,86.5
anzhongli,173.3
AO,978.38
AOCATE,475.29
Aolesy,85.74
Aoliks,29.99
AoMige,79.99
Aowin,59.73
AOXONEL,
APAFES,30.11
APAP,108.5
APIKA,27.98
Apooliy,46.89
Aptoco,41
Aputue,110.39
Apzzic,49.06
Arabest,98.73
ARCHAEOPTERYX,181.47
ARCTIX,257.09
Arcweg,134.53
ARENA,793.68
ARIAT,515
Armani Exchange,12434.7
Armbq,75.15
Armitron,336.29
Arnette,76.14
Arnuixty,23.11
Arolina,143.94
ARRIGO BELLO,368.11
Arrow,305.88
ARSUXEO,129.13
ARTOS,117.8
Artthurse,119.45
AS2,178
Asenlin,98.1
ASFEEF,45
ASFUSS,65.68
Ashford Ridge,
Ashioup,78
ASIAN,398.73
ASICS,17534.46
ATBITER,16.47
ATHCO,358.78
ATHLIO,254
athu,18.86
ATTCL,244.84
Audoc,104
AudyKasse,46.36
AUFUYAOLIN,478.41
Auguety,49.99
AUGUR,261
AUSVKAI,27.51
AUTLEY,196.01
AUTOMET,16.61
AUTOYSUR,41.39
AWAYDD,11.58
AWAYTR,146.17
AWH,16.8
AWNL,984
Ay Cabron,85
AYYDMY,22.99
AZFVBQL,207.55
Azonee,3426.78
AZTRONA,45
Azulmart,120.62
B BANGKOK PANTS,195.09
B BLOOMOAK,115.44
Babioboa,61.89
Babolat,353
Babylon Silver,292.6
BAG WIZARD,148.03
BAGAIL,111.27
Baggallini,1664.88
Bagneeds,75
bagsmart,1121.16
BAIGIO,96.09
BAIKELI,55.39
baleaf,375.57
Balega,217.18
BALENNZ,506.2
Balidiya,179.94
BALLY,499
BAMBOS,80.93
BananaHome,526.14
BANGE,745.35
Bansusu,215.92
BAODINI,17.79
BAOHULU,183.48
Baonat,22.68
Baosha,686.7
Bar5F,35.03
BaronHong,90.87
Barsine,116.8
BASSDASH,462.3
Battle,72.74
BAVST,38.9
Beatfull,123.99
Beauenty,153.1
beautlace,177.22
Becokan,109.6
BeeGreen,19.65
befen,400.94
Before & Ever,70.77
Beibi,16.16
beister,107.18
Bellino,130.96
Bellroy,7670
Belovance,67.84
Belts.com,71.17
BEMGNAR,31
BEN NEVIS,189
Ben-Amun Jewelry,194.84
Bencailor,92
BENPAO,127
Bentgo,
Benting,60.1
BERING,185.44
BERNY,407.81
Berry,29
Best Fit,141.39
BESTEEL,40.99
Besttravel,289.95
BetterJonny,32.99
Beulous,96.42
Beurer,102.66
Bewakoof,38
Bexow,116.98
Bhuuno,59.99
Big Bargain Store,20.99
Big Skinny,107.01
BIGTHREE,189.79
Billabong,293.43
Binoster,26
BioMag,134.82
Birds of Passage,45
Birkenstock,5426.07
Bisadon,125.37
BISON DENIM,85.05
Bistup,56.87
BIXPAK,80.12
BIYONGDE,213.82
Bjesinmo,49
Blink Street,201.82
BLITZSOX,94.98
Bloch,189.37
Blowfish Malibu,219.76
Bluboon,334.9
Blue Leather By Centrino,379.13
BLUECHOLON,9
BLUEENJOY,94.07
BLWX,59.99
BLYPHOO,261.96
Bo.Dream,150.53
Boao,73
Bob Marlin,279
BOBO BIRD,125.86
Body Glove,189.98
boffi ...,69
BOLHGF,46.64
BOMAIL,137.48
BONACE,68
BONNY BOXX,77.02
BONVIGOR,73
Boolygo,83.3
BOOMCOOL,169.55
BOOPH,166.71
BORTONY,52.9
BORUO,126.28
BOSCK,273.56
Bosidu,322.5
BOSS,36501.22
Bostanten,2606.85
Bourge,3689.85
Boxiki Travel,229.95
BRABIC,81.89
Branduce,15.9
BRASS TACKS Leathercraft,59.9
Breaksun,64
Briggs & Riley,7986.65
BROKIG,1086.05
Brooks,3273.65
brrf,80
Bryker Hyde,154.14
BSRStation,16.9
Bsubseach,445.53
Btcdove,185.64
BTOOP,123.92
BTS-UAE,85
BTYSUN,46.03
Buckle-Down,83.72
Buckley London,100.5
Buff,90
Buffway,108
bugatti,136.42
Bukela,142.86
BULL GUARD,576.39
BULLCAPTAIN,998.31
BULLIANT,143.07
Bullz,87.7
Bulova,22955.74
Bumkins,60
Burwood,5073.52
Busy Socks,33.76
Buttergene,110.61
Buyboxs,149.99
BY BENYAR,1496.75
BYC,39
C9 Champion,153.14
CAARANY,388
CABINPRO,518
Cacosa,77.22
Cadmus,56.98
CadoZeal,287.45
Caija-H,18.34
Caiyao,74.82
CALFART,111
CALGARI,131.84
CALL IT SPRING,214.85
Callaway,142.78
CALM PLANET,30
Calvin Klein,32113.24
Calvin Klein Jeans,2841.6
Camper,1132.26
CAMRY,43
CAMTOP,557.68
CandyHusky,168
Canterbury,415.28
CANWAY,262.19
Capezio,81.62
Caprese,79.64
CaptainSteeL,67
CaretticO,178
Carfia,225
Carhartt,1797.14
Carrera,1969.64
Casio,98161.54
Castore,157.95
CAT,1689.52
Caweadw,88.89
CAXMAN,113.41
CB Gold Jewelry,48.71
CBLKUS,130.64
Centrino,6881.58
CEP,172.82
Cerruti 1881,627
Cessfle,77
Cestbella,89.38
CG Mobile,89
Chainfo,67.99
ChainsHouse,581.87
ChainsPro,108
Chaks,115.68
Chameleon,144.92
Champion,3821.88
CHANCHY,88
CHANEDE,12
CHANPINCL,209
Chantelle,321.01
CHAOKEELRA,63
Chaps,86.93
Charaland,30
Charles River Apparel,150.71
CHARLES-HUBERT PARIS,379.59
Chase Plus,171.18
CHCH,1857.41
CHCHDIOSA,750.99
Chef Works,337
Chereda,42.29
Cherokee,364.4
ChicAbode,106.98
CHICAROUSAL,355.82
CHIJIANLAN,26.61
ChoiceApparel,403.24
Chopben,87.47
Chriscoco,122.95
Christian Art Gifts,124.8
CHUNG,23.7
CICIMELON,24.01
Cinereplicas,
Citizen,34700.92
Clara,321.64
Clarks,18909.3
CLIFFS BY WHITE MOUNTAIN,86.95
CLOAKA,202.81
CLOUDFOUR,15.99
CLOWSE,369.78
cm Classic MILANO,146.17
CMP,128.6
COACH,45655.78
COAI,432.6
Cobian,257
COCIFER,139.98
Coco Rossi,128.52
COCOSAND,93
Cole Haan,11515.58
COLORFUL BLING,139.47
Colorfulkoala,157.79
Columbia,11694.22
Comfyable,59.99
COMODO,19
COMPRESSPORT,254.97
Conceal Plus,157.02
Concept One,209
constantlife,68.74
CONTACTS,726.09
CONVENIENCE KITS INTERNATIONAL,205.02
Converse,1319.07
COOFANDY,979.41
COOLBABY,111.95
COOLIFE,1369.65
CoolKick,180.89
Coolwife,18.99
Coolz,94.08
Cooper & Nelson,546
coowoz,104.9
Copper Fit,66
Cosmoplast,282.99
CosTribe,133.8
cottonia,44
Cottonil,27.5
Covelin,144.42
COWBI,57.6
COZSEDY,163.36
CozyNook,139.8
Crankbrothers,445.04
Crep Protect,274
CRESSI,1557.99
Crocs,21903.7
Cross,610.55
CROWNAL,235.32
Cryfokt,229.79
CRZ YOGA,1957.45
Csdtylh,67.8
CSIYANJRY99,89.5
CTEW,52.15
Ctoby,49
Cubavera,72.01
CUBY,113.74
CURREN,1110.54
CUSHIONAIRE,625.88
CVFAJI,29.8
CWVLC,67.66
CYDREAM,115.89
Cynure,49.6
CYPBRANDS,158.95
Czgcpyc,29.99
Dado,178.21
DAGACCI,142.58
DAHSHA,167.65
DAIDAISL,25
DAITET,41.12
Dalavch,137.72
Damyuan,137.7
DANGO PRODUCTS,265
DANISH ENDURANCE,181
Dankadi,667.47
Danxancy,29
Darong,79
DAVID ARCHY,162
Dayllon,134.04
DAYUMKOU,131.07
DC,1110.72
DC Comics,153.77
Dcfywl731,53.79
DD D&D Wanderlust,89.02
Debra Weitzner,122.12
DECARSDZ,193
Deer Stags,365.44
DEEZOMO,56.74
DeFacto,178
Defsedar,26.01
DELELE,47.75
DELFINO,113.87
DELIMIRA,179.08
Delopik,20
DELSEY PARIS,13732.7
Demix,99
Deniklo,979.19
Dennis Lingo,55
Dentily,102.56
DerHutzucker,420.9
Designer Inspirations Boutique,
Desigual,299
DESIMTION,20.1
DEVOPS,218.35
DEXMAY DM,235.68
Deyeek,131.01
Deyilong,93
Dgffan,46.5
Diamond Toe,67.21
diasstro,22
DiBanGu,158.7
Dice,132.41
Dickies,473.77
Diesel,6940.86
DiLoro,130.64
diloy,99.91
Dinfix,53.34
Dinghao,119
Dinkum,29
DIOTSR,103.99
DIOWUS,230.92
Disney,1619.84
Disney Frozen,107.92
Distil Union,970.58
DivaGlamz,264.92
Diverse,2381.62
Divine Magic,61.45
DIYOOHOMY,127.99
Dkieuyu,93.18
DKNY,28543.03
DL,228.16
DLMAONN,34.82
DMX,56.65
Dockers,1348.29
DOCTOR EXTRA SOFT,894.3
doeboe,200.88
DOMYUHAO,110.82
DONNAIN,199
DOOKOO,35
DORAIMI123,25.99
Doubleo,29.98
DOUGO,199.8
DOURR,97.9
Dr. Brinkmann,168.74
Dr. Martens,2048.24
Dr. Scholl's,700.97
Dr. Scholl's Shoes,661.59
Dr.Ortho,56.28
DragonWeave,130.66
DreamHigh,18.09
Dreamtimes,90.16
Dress Cici,1151.64
Drowsmen,136.68
DRSKIN,164.78
DSC,48
DSFFD,30.63
D-Sport,56.99
DUBKART,39.39
Dubulle,98.32
Ducks Unlimited,59.01
DUO ZOU LU,434
DuoDiner,395.42
DUOFIER,60
Duofold,56.16
Duomama,11.99
DVRK,191.37
通用,107.2
Eacam,91.29
EACHY,39.1
Ealipoi,76
EASTHILL,70.54
Eastland,95.45
EASTPAK,4737.03
EastSide,287.4
Easy Spirit,614.3
Easyoulife,53.98
eBoutik,29
ECCO,9005.74
Echelon,319.23
Eco Right,52.9
ECO SHINE,20
ECO-FUSED,49.98
ECVV,88.03
EDODAY,83.7
Eesyy,259.35
EEweca,27.88
Efilra,52.64
EINSKEY,155.96
Ejis,654.1
Ekouaer,103
Ekster,1279.15
ELECDON,560.92
Ellesse,19
ELVIS PRESLEY,83.98
Embla,101.28
Eminent,3031.75
EMPIRE TRADING & COMMERCE,16.19
Emporio Armani,13021.54
EMPSIGN,132.99
enhong,49
ENIGMA,186.39
Enjoy Risingsun,93.78
Enkis,50.99
EOUOSS,43.5
EPIMENO,164.63
EPIRORA,146.4
erioctry,71
EROUGE,80.39
Esholife,59.9
ESPRIT,356.8
Esteem Apparel,44
Estele,253.84
ETAISHOW,359.99
Eterjew,151.16
Etnies,212.88
EUTOUR,280
EVBEA,117.72
EVCRIERH,68
EVER BOOTS,145.41
Everfion,46.8
Everfunny,28
EVERWORTH,211.34
EVGLOW,52.56
EVVE,277.02
eWINNER,126.78
Excefore,1752.43
EXCELLENT ELITE SPANKER,81
EXENTRI,388.66
EXNOX,19.7
EXOTIC EAGLE,495
Explore Land,168
EYEBOGLER,76.89
Fabrizio,
FACAXEDRE,38.26
FaithHeart,984.64
Falainetee,99
Falari,24.9
Falcon Jewelry,618.08
FALKE,207.22
FALOGIJE,24.52
FAMARINE,25
Famulily,20.49
FANCIBAND,200.68
FANDARE,200.5
FANMIS,103.99
fantasize,34.76
FANTOM,161.84
Farea's Home,65
FASHGOOD,318.95
Fashion Frill,207.25
Fastrack,1200.7
Faustine,20
FAYERXL,48.68
FBTHJA,63.99
FEIFIRE,6
FEISEDY,63.17
FEIXIANG,39.99
FEMAGIQUE,111.06
FENGJINRUHUA,159
FENLDY,47.99
Feraco,671.87
Fermido,18.7
Ferro Aldo,259
FERROHIDE,31.49
FFHAO,148
FIBO STEEL,68.32
Fifteen Branches,168.66
Fil3rd,169.83
Fila,1308.74
Filthy Food,234.33
FindChic,66
Finnhomy,125
FINPAC,122
FINTIE,392.83
firstsight,568.48
FIS,37.5
Fischer Markenschuh,134.04
Fit & Fresh,141.83
Fitdom,238
FITEXTREME,65
FitFlop,7134.48
FITRELL,97.64
FitVille,469.97
Fiusem,482.23
FIVKAWE,44.99
FIYUK,15.49
Fizik,636.32
Fjällräven,2556.41
FLAXMAKER,44.18
Flexfit,
Flojos,66
Flongo,151.96
Florsheim,3605.29
FLW,144.72
FLYFIREFLY,82.43
FLYMEI,69
FocusGear,140
Fodiyaer,125
Foloose,144
Footex,320.04
FootJoy,137.04
ForceRoute,98.59
forestfish,245.27
ForeverWill,116.2
Forge & Foundry,405.44
FOROO,21.18
FORSINING,332.1
Fortnite,79
FOSIR,80.18
Fosmon,25
Fossil,37681.01
FOTAP,63.21
FOUUA,73.34
FOXHACKLE,221.42
Frank S.Burton,68.2
FRCOLOR,16.31
Freaks in Motions,40
Freie Liebe,41.19
Frentree,103.25
Frienda,86
FRIO,118.27
frueo,67.73
Fruit of the Loom,3213.71
FRYE,567
FSD.WG,293
Fuinloth,62.98
Fullmosa,258.27
Funito,23
FUNKYMONKEY,37.66
FUR JADEN,81.89
FurArt,144.14
FURTALK,40
Fusefit,4354.59
FZTN Jewelry,75.51
G Gradual,142.65
G4Free,809.26
Gaiatiger,229.99
Gain The Edge,125.14
GALAXYLENSE,39.69
GANT,437
GAP,180
Gardsell,19.79
GAUEIOUR,41.42
GAVU,611.63
Gazigo,58.4
GC,1938.93
Gear,1859.24
Gear Infusion,169.59
GEARONIC,251.87
Geek-M,39
Gelante,61.28
GelConnie,55
Gemsme,146.4
Generic,10888.28
Generic Brands,39.99
GENZY,49
Geoffrey Beene,269.18
Geoomnii #fashionistas4u,97
Geox,5031.88
Gerber,236.92
GERUNSI,30.9
Getfitsoo,48.99
Geyoga,120.11
GFTBX,71.75
GFUP,16.99
GGEROU,38.7
GGOOB,219.6
GIISAM,154.14
Gildan,1311.25
GINGTTO,99.99
Ginwee,30.17
Gixugo,231
Gladdon,139.98
Glamorise,227.24
glasstore,20.14
GLATZY,65
Glemay,28.4
Glenor Co,277.56
globi,139.52
Gocokia,285.24
gofidin,30
Gold Fortune,27.27
Gold Toe,257.02
GOLDEN HOUR,189.99
Goobie Baby,153.75
Goodern,358.5
Goodstuff,17.13
Goorin Bros.,89
GORBEN,206.4
GORGLITTER,48.99
GORLYA,67.99
GOT Sports,65
Gotham,616.51
GQUEEN,61.91
Graflsoa,21.99
GraGra,36.9
Grand Attack,158.87
gratulatio,104
Green Town,134.87
GreenOlive,69
Greenpod,198
Groove Life,463.5
G-Shock,649
GSKS,47.31
GSOIAX,109.91
G-STAR,874
GT collection,1748
Gtand,252
GTVGJH,17
GT-WHEEL,595
GUESS,81513.59
GWD,92.23
GXXGE,55.14
gzcz,111.15
H&Beautimer,632.9
Hafrita,123.26
Haggar,1012.4
Hahamiya,95.28
Haiou,29
HAIXIAN,68.74
halamodo,162.49
Halemet,288.9
Halo Headband,122.94
Halukakah,136.41
HAMIQI,115
Hamkaw,27
HammerSmith,1144.61
HAMMONDS FLYCATCHER,915.69
Hamoery,206.42
Hanes,4406.63
Hannea,25.99
Hannibal Tactical,129.3
HAODEE,
HAOGUAGUA,88.9
Haoxi,30.65
HappyDavid,80.27
Harroo,59.09
Haute Hijab,36.99
Havaianas,3198.05
HaveLovely,53.98
Hawanik,78.94
HAWEE,137.47
Hawkwell,112
HAWSON,424.03
HAZARA,90.78
HBSTUDIO,39.99
HEAD,42.2
Heatwave Thermalwear,132.12
Hebetag,311.78
Heelium,292.2
HEGALY,50
HEGCOIIE,15
Hekyip,75
hello basics,116.69
Helly Hansen,817.31
HELZOI,68.13
Hemobllo,104.79
hemsut h,77.63
HEMUDU,765.11
HENGMINGTAI,141.56
HENSE,64.73
HEROBIKER,240
Herschel,6202.96
HESHE,245.27
HESIEU,50
Hey Yoo,184.49
HEYOZURY,102.14
HHZ,138.37
Hibate,152.61
Hicarer,62.3
Hidds,218
Hide & Drink,150.7
High Sierra,1588.3
HIGHLAND TACTICAL,610
Hijiawee,38.7
Hikevitang,156
Hillban,36.45
Hilufiet,42.11
Himawari,210
HINDAWI,31.55
HIQUAY,49.99
Hiram,175.59
HISCOW,272
HISKYWIN,116.69
HKCLUF,297
HKIDKK,552.37
HLLMAN,83.17
HOBIBEAR,119
HOCRES,130.14
HOKA,597.52
Homarket,495.62
Home Prefer,119.85
Hommtina,29
HommyFine,316.65
Honalika,106
HONEY BEAR,836.4
HONGCAIHU,65.48
HonorHut,112.99
HOOTO,240.38
HOPHO,30
HORISUN,105
Hornbull,826.65
Hot Wheels,135.63
HOTCOOL,54.08
Hotshawl,30
HOUNDSBAY,170.05
House of Jack Co.,405.32
House of Quirk,67.9
HOZEAL,28
HP,107.99
HSYZZY,49.99
HUALEENA,157.47
HUAWEI,41
Hublot,26000
HUGE SPORTS,223.48
HUGH BUTLER,292.33
HUGO,2783.23
Hugo Boss,1442.98
HUJINGLS,34.88
HUK,165.25
HULALA,71.47
HULG,31.09
HUNDRED,219.99
Hurley,33.65
Hush Puppies,730
Huture,60
Huztencor,237.46
HVOMO,20
HXA,152.23
hxusin,26.09
HYRAINBOW,127.64
HYUERI,19.99
HZMAN,968.93
I IHAYNER,69
ICE STAR,107.88
icebreaker,158.21
ICE-WATCH,115.02
I-CLIP,470.18
ICONIC,38.82
iCozzier,189.97
icyzone,189.99
Ideaspace,85
IEOVIEE,16.19
Iioscre,35
Ikea,74.15
ILLIMITE,599.75
Indigo,178.59
Inertop,10.5
Inese,155.9
INF,25
Infinity,199.82
infino,159.8
INK+IVY,91.65
INSEA,171
INSFIT,32.99
Inter,188.67
Intimate Portal,41
Invicta,6043.14
IODSON,222.97
IOYYIO,130.96
Ipanema,35.86
IQEPXTGO,71.3
iQIBLA,40.1
Iqimott,140.79
IS MUHE,125
Isle Locada by Hidesign,3134.91
isotoner,54.32
iStrap,192.55
iSuperb,49.22
Iswee,622.46
Itslife,78
IUAQDP,8
Ivyhouse,21.5
iwantit,135.49
IZIPIZI,181.05
izuzta,15.9
J World New York,1796.53
J.Endéar,111.02
J.Rosée,887.39
J.VER,89
jaald,327
JACK & JONES,11121.66
Jadive,51.25
jaexest,56
Jahomieo,76.86
JANDY SHINE,269.06
Janmercy,39.37
JANSPORT,14027.93
Japam,180
Jarlinwel,126.6
Jatipy,35.81
JAZD,36.36
JBW,1045.73
JCB,105.07
Jcx,89
JczR.Y,53.96
JEEHAN,329
Jefferies Socks,271.11
Jeilwiy,115.88
Jeka,170.62
Jekyll and Hide,302.75
JEMITOP,76
JENOSSCOM,385.36
Jeracol,102.96
Jerzees,294.2
Jessica McClintock,104
jessie,310.43
Jetec,48.22
Jewelry Kingdom 1,90.31
JewelryWe,111.64
JEYORZY,80.32
JFYZLT,40
JHVYF,54.42
JHYWELL,92.42
Jiaayuell,99.36
jiamiaoi,150.98
JIAYU,23.9
JIEANTE,68.47
jiesinlov,21.1
JIJIe,84.97
JILANI HANDICRAFT,112.4
Jimmy Choo,624.98
JINDELI,172.21
JINMANXUE,320.68
JINX,136.99
JIVIMOCO,59.07
Jockey,2452.18
Jogold,242
Joleritc,49.38
Joma,98.84
JONYEE,18
Joodax,28.8
Joopin,193.75
Jordan,263.63
JORMATT,29
Jorunb,28.99
Joshua Tree,95.04
JOTO,53.08
Jovivi,470.9
JOWILIN,23.9
Joxevyia,256.88
JoycuFF,95.2
JOYSPELS,125
Joyzzz,73.15
JQAliMOVV,84.06
JQWSVE,211.94
JQWYGB,41
Jstyle,110.9
JUANALINE,34.67
Jueachy,209.98
Juicy Couture,268.17
Juntan,199.07
JUNVirtuous,52.25
Juoxeepy,283.07
Jusavie,45
Just Cavalli,1156
JW PEI,7065.37
JWNSPA,28.19
JZS,104.48
K London,257.58
KAERDIYA,82
Kaiderine,53.97
KAILUA SURF,97.85
KALIDI,87.6
KALIDI FANCY FOREST,306.34
KALIONE,52
Kalon,117.57
KAMASATO,28.98
KAMIU,107.88
KANASTAL,331.66
Kanu Surf,166.14
Kappa,174
Kaps,117.95
Karl Keller,210.42
KARL LAGERFELD,1547.12
Karlling,29.13
KART BLACK,60
Karysatle,105.99
KASTWAVE,5067.82
Katloo,200
Kattee,115.2
Kayil,78
K-CHEONY,37.99
Kedofe,61.33
Keds,156.87
KEEN,1358
KEEPSHOWING,175
KEEZMZ,126.57
kelistom,91.46
Kememo,105.09
Kenneth Cole,1110.1
Kenneth Cole REACTION,2478.4
Kenneth Scott,192
kensie,771.33
KEOYA,94.99
Keqin,55.99
ketryep,155.02
Kevisae,134.91
Kewlioo,89.99
KeySmart,79.36
KeyStyle,172.76
keywins,71.98
KF-Premium,74.48
KGYMJR,44.98
Khazna,568.98
KHZBS,69.9
Kicty,95
KIDYBO,111.33
KILAMAL,137.68
kilofly,94.58
Kim Carrey,50.06
King Will,940.15
kinzd,61
Kipling,15294.05
kissun,387.99
KissYan,120.52
KIWI,21.4
KK CRAFTS,98.49
Klmsscxy,45
KM Legend,40
Knighthood,213.33
KO:LN,135.1
KOCLES,28.67
kofoviv,64.6
KOPNHAGN,26.21
KOTON,51
KOTTY,41
Kouxunt,145.49
KOWVOWZ,214.61
KPYWZER,339.83
KRAVE,2085.73
KROSER,1942
KROYWEN,56
KRZ,573.5
Kumeng,23
Kurt,66.18
Kuston,171.98
KUTONTECH,17.99
KWSLIN,127.8
KWUNCCI,123.56
Kyayili,32
L&E,32.75
LA SPORTIVA,576.39
Lässig,299.08
Lacdo,196.98
Lacoste,28428.19
LACZ DENTON,825.79
LADYBRO,151.41
Lahviuu,61.24
Lalent,64.24
LALESTE,106.66
Lamyba,93.59
Langthering,32.99
LANSHIYA,116.15
LANWLOSI,52.25
Lanzom,45.99
LAORENTOU,1674.94
Larcenciel,59
lasenersm,50.52
Lataly,99
Lattd,157.98
Lavie,182
Lavie Sport,60.78
Lavnis,165.98
LBOYLOVE,439.78
LCARKOM,100
LCHYG,22
LCLALAY,80.99
L-COOL,77
LDERFIV,24.06
Leader Sport,32.5
LEDAOU,171.86
Lederprinz,64.08
Ledger,2432
Lee,2402.15
Lee Cooper,223.31
Lee Uniforms,115.31
Legendary Whitetails,92.68
LEGO,262.76
LEICHR,99
Lenovo,346.65
leotruny,173.17
LEOVANI,198
LEVEL8,1997.98
LEVELO,79.02
Levi's,4354.86
Lewis N. Clark,504
Lgtfy,34.38
Liberty,471.49
Liberty Imports,762.16
Liberty Pro,157.94
Lico,137.54
LIEBLICH,79.08
LIENJAER,18
LifeBalance,128.99
LifeStride,627.03
LIFETIME JEWELRY,470.24
Lifeventure,219.1
LIGHT FOLD,96
Light House,46.55
LIHITLAB,200.42
Lilo and Stitch,62
LIMOS,55
LI-NING,192.87
Linkidea,59.9
LIODUX,578
lionpaul,50
Liquid Blue,31.49
Liu & Qu,76.13
Liumrlte,43.9
livbote,37.9
LIWEGHT,411.41
Lizbin,157.21
Lkwidi,46
LLSOARSS,129.99
LNFINTDO,177.98
LNLN,190
LOBON,130.64
LOCK LACES,39
LODAY,69.99
LONDON ALLEY,210.91
Long Keeper,203.56
Longies,611.44
Lonimia,89.98
Loopbelt,57.4
LORENZ,59
Lorui,25
LOTUS,394.15
LOUIS DEVIN,103
Lovdazzles,59.79
Love Moschino,7050.5
Lovearing,135.32
LovePlus,192.68
Lover-Beauty,48.6
LOVEVOOK,979.87
LPBeads,51
LQZHBDWZ,35
L-RUN,310.56
Luck Strings,69.79
Luckin Packin,196.86
Lugz,745.9
Lullaxx,188.95
Lumesner,544.86
Luminox,2726.21
Luncpcihe,22.49
Lusead,61.79
LUUFAN,399.76
LUXAR,108.87
LUYAO,15.99
Lviefent,13.75
LXNMGO,71.34
LXY,461.94
LYAART,15
LYANER,59.12
LYDZTION,14.9
LYLYMYKHH,102.97
Lymio,394.55
LYNSAY,30
LYSMVIVI,25.41
LZQpearl,100
M & F,188.86
M Menmentings,77.4
M MOOHAM,222.29
M X M,103.9
MAAWO,36
MABROUC,50
MagEnergy,235.76
MagnetRX,156.36
Magpul,195.75
MahMir,42.45
MAIITRIP,262.46
MakingDa,88.94
MAKINGTEC,1525.53
Makukke,145.18
Mala Leather,117.27
Mama Cotton,112.52
MANBANG,198
MANCHESTER CITY,113.73
Mancini,393.07
Manfrotto,340
MANSDOUR,120
MANZI,15.5
Marc Jacobs,604.78
MARGOUN,68.2
MARK RYDEN,1300.25
Marvel,660.63
MARVEL THE AVENGERS,36.45
MARY FRANCES,489
Maserati,6814.25
Mataly,51.64
MATEIN,560
Mathey-Tissot,404.1
Maui Jim,5451.31
Maxdot,12.25
Maxpedition,1291.51
MayiaHey,86.54
MCICI,79
McMola,28.97
MCWTH,38.99
MCXGL,187.16
MEDICINE RX SAFE,115
MEEGIRL,38.8
MEENAKARI HERITAGE JEWELLERY,115.3
MEENAZ,93.85
Meetbelify,512.3
MEETYOO,213
MEGALITH,380.77
MEISEE,39.9
MELERIO,84.99
Melsbrinna,18.86
MEMGIFT,178.8
Merino Summit,169.13
MEROKEETY,389.77
Merrell,51.44
MERTTURM,85.98
Metallica,99.77
Metermall,49.8
MF MINI FOCUS,193.78
Miabella,338.42
MIBANDERA,62.16
Michael Kors,44229.92
Michooyel,108.73
MICOHPKLE,35.56
mifengda,72
MIFULGOO,22.66
mighty wallet,103.87
Mihawk,183.68
MILACOLATO,127.12
Mildame,202.54
Milk Moo Soft Cuddles,258
Milorde,85
Minecraft,825.92
Minelife,18
MING CLAN,153.43
Minibee,261
MINILUJIA,204.79
MINISO,10.5
MINZA,110
Misha,100
Miss Chipmunk,148.4
MISS OLIVE,3822.06
MITOWERMI,603.09
Miurixo,142.33
MIXDE,13.26
miyozi,145
Mizuno,281.82
MJust,52
MKF Collection,254.79
MKP COLLECTION,329
Modern Carry,78.76
Modoker,181.28
Mofri,154.63
MOHCO,487.58
Mokani,35.99
MOKOBARA,747
MOLUTAN,109.16
Momcozy,125
Momentum,177
Momstory,313.65
MONOZO,137.43
Montana West,572.23
MONTBLANC,5549
MONTON,86
Moodear,724.84
Moolida,68
Moonmen,109
Moran,63.47
MoreFarther,284.56
Morelian,98.49
MORUCHA,194.25
MosaiRudo,68
MosFlor,135.18
MOSISO,783.25
Motevia,80
Motherhood MATERNITY,88
mothgel,715.99
MOTIM,79.2
Mottee&Zconia,351.86
Moulet,114.26
Mountain Voyage Co,157.98
Mountain Warehouse,98.93
MOUNTAINTOP,199
MOWOM,75.27
Mr.Van,69.18
M-Tac,219.2
Mud Pie,60
Mudder,49
MUENShop,144.39
MUERDOU,53.57
Mufanton,177.77
Mujahid,34.16
Mullike,130.64
MultiSac,328.91
Mumoo Bear,43.59
MURADIN,260
murtoo,217.04
Muscle Killer,115.73
MVMT,396.9
myfriday,79.99
mygreen,329.9
Myiaur,152.03
MyTime,36.42
N\A,36.8
N\P,778.98
NALACAL,4054.32
nalaina,78.97
NALANDA,52.23
name it,228.99
NAPA HIDE,390.21
Naruto,149.2
Narwey,
Native Comfort,139
Native Union,89
NatSumeBasics,47.57
Natural Feelings,407.41
Naturalizer,2303.78
Nautica,4004.02
Naviforce,715.4
NAVYSPORT,164.74
NAWOKEENY,210.54
Nayak,141.94
Nayubo,82.97
NC,295.26
NCDUANSAN,31
Necomi,69.99
NELEUS,433.54
Nelle Harper,1557.72
NEOOEN,34.85
neotimely,39.88
NERUB,46.15
NESLIN,95.38
Nevenka,517.5
New Balance,17298.19
New Era,143.36
NEWHEY,258.91
NEXSOUL,57.5
NIBOSI,843
Nickelodeon,88.5
Niction,219.37
Nike,41273.61
Nimiah,90.35
Nina,
NINE WEST,6714.19
Nintendo,259.38
NipEaze,58.9
NISHEL,205.82
NIUCUNZH,152.8
NIUEIMEE ZHOU,95
Nivia,593.3
Nixiamy,93.24
Niziruoup,225.12
nkjegol,63.99
No Nonsense,19.78
Nodykka,24.99
Noideeer,53.99
Nomatic,179.62
Nootzen,79.99
nordicdots,202.35
NORTH EDGE,
Notabag,56
Novarena,64.09
Novum Crafts,44.2
NUBILY,610.22
Nunn Bush,1186.34
NUSTTAL,92
NWSOJ,84
NY Threads,191.48
Nydotd,17
Nyganmelloz,48.03
أخرى,36.98
Oak Leathers,187.29
Oakley,7826.99
Oaldilee,357.67
Oaridey,116.93
Oasisgalore,476.38
OASISGUEST,51.64
OBLVLO,1088
OCHEAL,79.78
OCHI,39
ODCKOI,813.91
Odinstone,149.91
Ofrdncy,39.99
Ogetok,28.99
OGIO,1038
Ohoo,127.16
OLARCU,99.67
OLEVS,1677.17
Olivia Burton,1315.46
On,1857.26
ONLY,473.87
Only & Sons,116.05
OOFOS,219.93
Oossuiezl,58.09
Opomelo,49.9
ORACZ,39
Oranginer,160
Orient,19128.8
Original Kimono,139
ORiTi,405.93
Ormein,50
oscaurt,26.59
OSHIMA,183.69
Osprey,5451.83
Other,828.53
otherh,40.52
Outdoor Dialysis,233.11
OutdoorEssentials,95.2
Outray,58.79
Outrip,53.36
OUTVENTURE,318.48
OVERS,158
Owoniule,27
OW-Travel,64.24
OXEXE,46.26
oxiuly,444.36
OXOX,42.91
PACKISM,66
pacsafe,703.72
PAEDU,63.67
Paesteffe,32.8
PAGANI DESIGN(パガ－ニデザイン),359
PAGRNE DESIGN,2177.4
PAKMEZ,65.99
PALADA,
palglg,54.6
Pander,53
PANDORA,6480.87
Parajohn,1960.64
Paratoland,135.95
PARDUS,18
Parlberd,155.98
Parlovable,112.19
patu,70
PAURO,58.13
PAVOI,206.1
Paw Patrol,420.89
PAZ WEAN,35.84
Peak,19.37
Peak Design,1044
PEAKY KIDS,29.99
Pefiam,178.15
Pelican,312.92
People Footwear,203.31
Peppa Pig,130.21
Per4mer,31.49
Perry Ellis,507.69
PESOENTH,95.88
Peugeot,132.66
PEVSCO,40
PGA TOUR,788.29
PGQIQGNM,52.99
PGYTECH,162
Phaoullzon,120
PHCOMRICH,30.13
Philip Jones,57.38
Philipp Plein,2174.24
Physix Gear Sport,41.95
PICCASIO,35.99
PikaLF,79.88
Pineapple&Star Hat,243.47
PIRASO,44.98
PJ JEWELLERY,88.18
PJ PAUL JONES,374
PlasMaller,59
Platinum Hanger,21.7
Playtex,63.82
POCKT,103.73
Pocmimut,147.73
POFULL,69.02
POGTMM,70.05
Pokémon,221.29
POLARE ORIGINAL,946.78
Polaroid,1014.56
Police,4466.99
POLO RALPH LAUREN,1393.22
Pomelo Best,224.3
POPKOK,57.2
Poppyae,58
Popvibe,20
POSHDIVAH,133.46
POSHIO,40
Pregeckit,49.37
PRINCESS CUTENESS STORE,19.89
Print Souq,77
PRLINJSK,75
ProCase,324.14
PROESS,365.04
PROFOOT,46.1
Propper,289.04
PROSTEEL,655.88
PUCA,39.5
Pugtay,166.78
PUJANE,363.91
PUKCLAR,129.93
PUMA,23890.56
Puma Golf,156.12
PURAJA,94.02
PURE CHAMP,200.98
PURFANREE,38.5
QCQ,311.93
Qfeng,41.63
QGJNSGC,76.42
Qiccijoo,257.9
Qida,637.6
QIELIDL,29.76
Qitian,390.63
QT&QY,219.98
Queerier,167.18
Quiksilver,345.64
Qunson,48
QUSIIOSLK,31.02
QZSH,43.47
Rachael Ray,107.9
Radmire,23
RALME,190
Randx,31.23
Ranger,93.7
RANKEEF,22
RAPDOM,169
RAPID DOMINANCE,124.57
RASAON,39.95
Rastaclat,46.75
Rawlings,248.92
Ray-Ban,4145.35
RayWallet,227.41
Razer,259
RBYEKP,289.98
Rdruko,254.44
RDX,206.98
RE-­FLECTION Created by Nature,474
Real Essentials,1154.79
REBANDACE,128
REBUY,108.34
Red Kap,62
Reebok,4956.27
REEF,2123.94
Regular Show,94.93
Rehoboth,116.85
Rejolly,209.51
Relaxsan,107.06
Relting,61.55
REMEDYWALA,103.94
reroucky,20
REVEMCN,186.6
Rhomba,41
Ricardo Beverly Hills,708
Ricjurzzty,39
rickyh style,248.74
RIDAZ,77.4
Riddhika Ventures,150.92
riemot,113.81
RIGOHILL,59.5
RIOSO,88.8
Ripord,125.58
RISEWRD,159.02
Ritach,72
Ritche,86.17
RJCMJDEU,63.7
Rldym,55.99
Roadbox,369.93
ROCF ROSSINI,59.99
ROCKBROS,121.34
Rockland,2000.77
Rockport,4544.77
Roffatide,395
Roheafer,102.51
ROJZR,79.99
RollsTimi,423.95
ROMANTICWORK,190.39
Rossi Milano,39.99
ROVATTI,125
ROWIN&CO,215.88
Roxy,425.92
ROYAL KIT,185
RS,224.72
RSO Outfits,215
RUBAB MEN,38.4
RUFONE,15.17
RUMANLE,68
RUNBOX,293.6
Runcati,91.35
Rungion,92
Runhit,297
RUNSIBA,45.89
Russell Athletic,1065.48
Rustark,42.99
RUSTIC TOWN,469
Rxwstt,19.99
Saber Apparel,267.73
Sabona,193.82
Sadnyy,35.5
Safety Jogger,240
SAFRISIOR,113.56
SAGA GIOIELLI,152.36
SaiDian,211.04
Saintda,35.9
SAITECH IT,44.74
Sakinre,39
Sally's Organics,69
SALOMON,1432.3
SALTY,184
Salutto,91.04
Sam Edelman,728.14
SAMIT,119.99
Samsonite,26484.86
SAMSUNG,1299
Sanabul,530.69
SANDEIN,101.85
Sanraflic,121
Sanrio,180
SANTHOME,104.97
SANTINY,42
SANZEZ,73.09
SAPHIR,74.95
Saphir - Made in France,102
SaphiRose,212.89
SAPPHERO,190.99
SARAOONT,29.99
SATINIOR,104
Saucony,1467.8
Sausiry,16.18
SAVITA,51.83
Savlano,524.14
Scholl,293.28
Scruffs,196.42
SDBING,58
SEAFEW,135.8
Seagull flight of fashion,59.45
SEAUR,168.98
Sebasty,12
Secdtie,48.08
Secrid,2306.22
Seiko,46686.46
SEIKO SELECTION,1099
sejin jewelry,36.46
Sekonda,197.65
SellerFun,169
Semdu,135
Semillas Fitó,8.4
SEMORID,71.85
Senator,1832.1
Senbos,58.8
SENHAI,45.6
Seocsing,0.99
SERASAR,914.91
SERMAN BRANDS,333.16
Sesame Street,140.14
Seven,96.21
SEWOR,222.92
Seyaa,19.9
seyfocnia,1194.53
SF SPORTS,55.99
SFN,77.61
SFXULIX,20.9
SG,131.21
SGF11,130.99
SGMWVB,59.3
Shacke,89.5
Shaka Wear,56.83
SHALIMAR,42
SHAPERX,49.79
Shappy,15.4
SHARBAT WORLD,89
SHEEN KELLY,57.78
SHEEP RUN,154.14
SHEKINI,297.92
Sherr,92
shevalues,119.62
SHIMA,484.38
SHINDE EXPORTS,79.2
ShineGlitz,24
Shinenut,61.9
Shining Diva Fashion,910.43
SHINKODA,16.85
SHIONF,20
SHOEGR,112.64
Shonyin,28.95
ShopMantra,48
Showay,17
SHOWKOO,499.99
SHSCBSBRK,79.99
SHUOJIA,35.8
SHYLERO,97.88
SIENDIU,39.22
SIGFYER,72.57
Sight Focus,132.98
Signare,135.73
Silver deer,148.5
Silver Jeans Co.,305.6
Silver Palace,199.16
Simaru,166.13
Simple Joys,517.86
Simple Modern,608.39
SINCSEFK,83.6
SINOPHANT,180.44
SINOSKY,119.45
SIPURIS,60.18
SISWIM,65.08
SIXDAYSOX,22.5
SJeware,24.99
Skade,583
Skagen,1855.25
SKANDO BAGS,99
Skechers,76175.51
SKEIDO,223.77
SKiDE,77
Skinners,338
Skip Hop,107.3
SKMEI,381.39
SKY VIEW,774.59
SKY WING,241.4
Skybags,63
SKYISOK,14.99
Skyoung,342.73
SKY-TOUCH,295.61
SLGOL,31.9
Slick Collar,84.9
SLIM MINT,459.28
slimpuro,229
SLIMTA,289.98
SLOONG,153.4
SMALLLOVE,58
Smallshow,151
SMART GULLIVERES,14.99
Smarter LifeStyle,310.44
Smarties AE,39.9
Smartish,80.43
Smartwool,306.69
SnowElve,186.86
SOBEE,71.98
SOFFE,61.48
SOIDRAM,47.01
SOJOS,383.15
SOLCYSX,46.49
SOLDOUT,137.95
SOLM8,179.1
SOLO,450
Solo New York,553.13
SONGKISSZQ,29.58
Sonryse,385.5
SONTHIN,22
SOOWOOT,72.68
Soperwillton,117.15
SOPTEC,38
Sorax,105.25
Sosimcoty,99.98
Souke Sports,64.99
Soul8 Studio,90.89
sourcing map,174.23
Southern Fin Apparel,150.29
Southpole,474.1
SOWUGI,13.99
SOX TOWN,300.72
Soxbang,35.9
Soyizom,49
SPAHER,234.98
SPDTECH,34.64
Speedo,241.99
Sperry,573.79
SPIEZ,112
Spigen,138.99
sponeed,223.29
SPONGEBOB SQUAREPANTS,352.19
SPVISE,233.27
sqlp,396.34
SS COLOR FISH,70.29
SSFRI,19.25
Stacy Adams,1956.22
Stance,127.14
Stanchev,493.98
Stansport,291.29
Star Wars,232.52
STARDW,27.96
STARGOLD,160
STAY FINE,217.23
STAYOUNG,110.39
Stazh,64.98
STEEL NATION JEWELRY,847.9
Steelmeup,66.52
Stephen Joseph,426.1
Steve Madden,4381.01
stino,57
Stokke,899.09
Stone and Clark,119.99
Storite,492.69
Stranger Things,25.66
Strapseeker,343.65
Stride Rite 360,215.11
STROMBERGBRAND UMBRELLAS,15.85
styleville.in,4401.8
Styli,132.25
Styzere,68.99
SUDEAUO,35.7
Sukeshcraft,195
Sukkhi,51.76
Sumind,18
Summienlink,79.99
Sumolux,99.1
SUN EIGHT,128
Sun Ora,70.19
Sundwudu,77.12
SUNESA,41.94
SUNGAIT,174.98
SUNGOOYUE,149
Sunveno,84.76
Sunzel,75.04
Superbak,128.07
Suplight,110.75
Surenow,211.96
SUSVIJ,52.8
Swallowmall,132
SwanScout,146.44
Swarovski,6774.61
Swascoger,18.99
Swatch,10544.21
Sweat Shaper,67.98
Sweatshield Undershirts,131
Sweet seven,124.08
Swift,72
SwissGear,3881.27
SWIUKPHE,475.13
SYKT,118.99
SYNORTTH,45
SYOSI,1332.65
S-ZONE,1741
SZYYQ,79.98
T Tersely,272.41
T2F,543
TaboSi,23.52
TACH,959.2
TACTICAL FROG,50.83
TACTO,331.44
TACVASEN,289.94
tag8,149
TAGAS,124
TAILONG,171
TAIZRONG,45
Talent.llc,39.99
Talonport,128.6
Tamaris,164.4
TAME,28
TANGEM,189
Tango,24.29
Tangser,36
Tanming,75.71
TAO,100.21
TAPIT,35.99
Targus,225.42
TARION,798
Tarsus,51.47
TASBERN,116.1
Tasiso,58.44
Tazweeq,115.78
TCCO ENTERPRISE,25
TcIFE,608.01
TDNE,37
TECHPLUS,11.15
Ted Baker,7148.57
TED BAKER LONDON,260
Tekkerz,206
Telena,471.75
TELO,89
Terraillon,42
TERRIFI,2865.29
Teva,1448.04
Texan Bull,57.33
Thajaling,
The Children's Place,261.09
The Frenchie Co.,1059.98
The Good Store,65
THE GYM PEOPLE,402.34
the north face,4026.04
The Ridge,717.39
The Sak,269.13
The Tanned Cow,288
The Tie Hub,49.99
THE WHITE SHOP,182.57
Therabody,2032.97
THMINS,33.99
THOMPSON TEE,751.6
Three Keys Jewelry,416.95
Threningloe,43
Thule,3936.76
ThunderFit,258.02
TIBES,225
TICONN,60.91
TI-EDC,77.01
TIGRADE,80
TIJN,55.26
Timberland,6814.9
Timberland PRO,3786.46
TIMEWEAR,51
Timex,13733.65
Timiot,96.87
TINGRISE,145
Tini,15.5
Tiny Chou,29.09
Tissot,29929.48
Titan,4680.1
tizmuo,131.01
Tjackson,110.99
TKTTBD,19.99
TNGN,75
Tokokimo,289.97
ToLFE,59.99
TOMI,65.17
Tommy Hilfiger,62595.52
Tommy Jeans,5054.98
TOMS,2656.39
tomtoc,407
TOMVAES,135.52
Top Choice,43
TOPDesign,210.19
TOPEAST,69.83
Topfinder,66.29
TopMost,90
Topo Athletic,643.5
TOPTIE,49.99
TORNADO KERATINER PREMIUM IRON,17.99
Tory Burch,1801.88
totes,71
Touchstone,293.66
Tough Headwear,90
Tough Outdoors,81.75
Toughergun,63.09
Toupons,79.77
TOYESS,
Tphon,39.9
TRANOMOS,75.86
Trary,186.59
TRAVANDO,741.87
Travel Blue,67.53
travel inspira,25.1
Travel Select,995.18
Travelambo,252.92
Traveler's Choice,2515.3
Travelers Club,944.1
Travelon,2930.39
Travelpro,
TRAWOC,142
Trayvax,260.52
Treasure Bay,636.2
TrekKit,432.95
Trendsmax,143.55
Trendyline,30
Trendyol,436.79
TRETORN,141.91
Trezor,888.15
TRG the One,60
Tristar,255
Trixie,357.92
Tronjori,105
TROONZ,97.6
TROVE,429.92
TRUCARE,443.81
Trucare FZC,52.17
TRUE RELIGION,287.36
TRUMIUM,308.21
Trunki,538.47
TRUSADOR,875.92
TRUSUPER,212.46
TRYLO,47
TSLA,59.98
TSOTMO,77.68
TStrap,75.33
TTXSHYH,230
TUCUXY,437.48
TUMAHE,216.99
TUMI,21848.19
TUXON,70.55
Txameru,22.34
TXJ Sports,67.36
TYR,1025.63
Tzowla,516.95
U.S POLO ASSN.,1197.53
U.S. POLO ASSN,131.95
U.S. Polo Assn.,2552.52
U.S. Traveler,239
U7,544.81
Ubestyle,123.31
U-CHYTY,51.5
UEN,35.98
UGG,251.94
uinhuine,22.4
ULTECHNOVO,13.2
ULTRAIDEAS,128.49
UMBRO,167.76
UMCNVV,155.2
UN,67.98
Under Armour,27404.11
UNGENT THEM,37.4
UNIEOWFA,220.35
UNIFORM CRAFT,285
UniStep,151
Universal,109
Uniworld,26
Upbull,175.55
UPROMI,25.5
UpSpring,156.33
URATOT,29.9
Urban Classics,1011.63
Urban CoCo,314.55
URBAN FOREST,1170.56
URBAN HYDE,69
URBAN JEWELRY,510.91
URBAN MONKEY,
Urban Trendo,73.1
URbazaar,173.38
US Polo ASSN,159
USOR,134.99
USWEL,170.39
UTO,851.94
Utopia Wear,62.89
vabovin,22.99
VACSAX,70.04
VADOO,65.4
VAGREEZ,32.5
Valante,151.35
VALENCHI,311.65
Valentino,15827.36
Valentoria,373.94
Valleycomfy,96.83
VALOLIA,208
Van Heusen,1206.52
VANKEAN,287.99
VANNANBA,474.2
Vans,3709.82
VASCHY,946.77
VASSAGO,355.28
Vaultskin,1502.52
Vaupan,149.98
Veeta,59.47
Velaurs,155
VELEGO,46.98
VELESAY,66.25
Veltman,38
VENICEBEE,90.6
VENO,82.8
Venum,1897.36
Vera Bradley,3109.52
Veriliss,100
VERO MODA,177.83
veyiina nero,141.36
VFSHOW,207
Viaoragiosa,125.56
Vibram,464
Victorinox,6599.93
VIDSID,54.98
VIGIND,19.94
Vigorport,67.6
VIKCAUX,186.02
vilo,61.84
Vince Camuto,522.01
VINCENT CHASE EYEWEAR,
Vineen,
VIONLAN,22.83
VIP,99
VIPTOUR,67
VISCONTI,201.3
VISOUL,328.07
VITION,34.99
Vivobarefoot,928.52
Vlando,116.58
VN Jewelry,1260.39
Vnox,833.95
VOCOlinc,123.1
Vogue,1083.33
VogueCloset,31.99
Voikukka,148.24
Volcom,80.7
Volher,322
VOLKLAND,372
Vomgomfom,109.69
VON HEESEN,60.99
Vorspack,218.88
VS VITAL SALVEO,430.43
VSUDO,48.35
VUCATIN,143.98
VULKIT,2886.49
VULTOR,114
VWELL,101.94
VYYAF,39
W WIRE'S,1004.05
W&G traveler,70.47
W/W Lifetime,220.46
Wacoal,600.87
WAINIS,45.8
Waiyqju,70
wallets and accessories,51.18
WallFlower,55.37
Wally Bags,153
WANDF,97.97
Warner Bros,142.92
WarnerBros,85
WASTIME,107.46
watchdives,147.41
WatchGecko,
Waterfly,305.12
Watflow,72.99
WBOOO,53.59
WBQMUNY,161.63
Wchama,69.33
WearMe Pro,226.33
Weewooday,28
Weicam,123
WENGER,1794
Wentokye,102
wernies,127.72
Wesoke,131.98
WESTBRONCO,71
Western Stakes,134.87
WESTMIAJW,76.86
WeTest,16
Weweya,197.78
Weyeena,26.99
WFYOU,357.4
Whisper,24.99
Wikavanli,48
WILD THINGS ONLY !!!,96.02
Wildcraft,
WildHorn,2513.55
WILLIAMPOLO,272
Wilson,2629.52
Wind Passion,142.65
WINDCHASER,71.09
Wingslove,99.99
wirarpa,78
Wise Owl Accessories,91.83
WISELIFE,36.4
Wisfunlly,145.26
WiWU,150.58
Wobe,58
WOCCI,297.94
Womanista,2192.28
Wonder Care,208.83
WonderWink,88.46
WONHOX,156.13
WoodLand,308
WoodWatch,1161.92
woogwin,103
Woolnut,660.68
WORLD-BIO,71.09
WOXVM,36.79
WRAGCFM,117.64
Wrangler,2260.39
Wrangler Authentics,4019.49
Wsysnl,172.34
WUJIAONIAO,120.61
WULFUL,318.61
Wurkin Stiffs,210.08
WVHTHVW,449.98
WVLIROD,60.99
WYFJNX,334.02
wynameleri,475.5
WZIKAI,115.56
X spring,229.2
XBLDS,178.97
XDDesign,249
xdlhghe,98.34
Xero Shoes,200
Xianli Wang,74.43
XIANNVXI,100.18
XIAOCHEN,191.97
XIAOMI,333.87
Xiaoyu,109.13
Xieben,119.78
XIXVON,132
XJARVIS,19.58
Xomiboe,85.65
XOYOYZU,65.72
XPONNI,27.52
XQXA,45.99
XTRANSF,49
Xuniea,166.87
XYXX,47.9
Y·J Back home,22.5
YADOCA,179.45
Yalloover,
YANEK,196.97
YangQian,29
YANIBEST,79.82
YARDHOBI,139.98
Yaresul,112.01
Yash Gallery,79
YATEEN,44.58
Ybaier,87.98
YeeHoo,110
Yeieeo,25
YELLOW CHIMES,3575.22
Yemberzal,88
YEPREM,99.96
Yesteel,62.01
yeuG,19
YEXIPO,35
Yexiya,26.54
YFFS,20.11
YFGBCX,51.75
YFN,174.08
yfstyle,54.75
YGYCF,30
YHRSCE,32.77
YIANNA,469.29
Yikexin,194
YIMIKE,53.39
Yinkin,49.91
Yisfri,44
YJacuing,58.63
YLYYJ,120.65
Ymlike,43.3
YMXHHB,35.5
YND,
YNIQUE,303.43
Yober,103.73
Yocoyee,57.5
YOHO,156.51
YOI,388.04
YOIQI,138.77
Yooyao,48
Yopolaz,22.4
YOREPEK,198
YOUBAMI,68.98
YouBella,1558.05
Young & Forever,69.5
Youngsing,88
Ypnrd,161.69
YQHMT,49
YSENTO,220
Y-SHP MATRIX,133.1
YTBUBOR,41.38
YuanCheng,38.5
yuangaoshow,83.7
Yudesun,95.45
Yufree,57.78
Yumilok,56.99
YumLock,114
Yupoong,70.52
YURTKUMAS,27.99
YWhalep,231.93
YYIHER,76.81
YYOOUU,49.99
YZKKE,27.49
ZALVEX,157.1
ZAVERI PEARLS,2357.32
ZELLYA,64.7
ZENGVEE,143.98
ZENOTTIC,114.31
Zensah,123.15
Zenssia,60.72
ZENWILL,197.91
Zero Grid,233.88
ZEYO,97.99
ZFOFLIK,50
ZGR,132.97
zhaihan,32
ZHJFCY,38.7
Zilcremo,187.35
Zingther,68.5
Zipit,58.64
Zircobic,163.28
Zitahli,404.1
ZIWOCH,58
ZJIMLIN,565.2
ZKBKJSPZJB,98.34
ZKXXJ,65
ZLFSRQ,84.51
ZLYC,153.9
ZMY Home,169.52
ZOMAKE,235.47
Zoofen,20.69
Zoofly,814.86
ZOOSIXX,84.04
ZOUK,128
ZPLORT,20
ZRAY,54.79
Zubebe,45.07
Zuimei,30
ZumZup,39.39
ZUNON,73.82
ZUOCHEN,56.71
ZUOMIDIE,39.79
Zysta,82.06
Zzple,50
ZZZSTORE,77.76
(blank),44.03
Grand Total,2085941.45
